COMPANY,ARTICLE,PRICE,DISCOUNT
TRIPR,Men Solid Henley Neck Cotton Blend Dark Green T-Shirt,"1,999",86% off
TRIPR,Men Printed Hooded Neck Cotton Blend Black T-Shirt,"1,399",82% off
THE BEAR HOUSE,Pack of 2 Men Checkered Polo Neck Cotton Blend Multicol...,"1,290",40% off
sti,Men Solid Polo Neck Cotton Blend Pink T-Shirt,999,85% off
KAEZRI,Men Solid Round Neck Cotton Blend Black T-Shirt,"1,999",82% off
TRIPR,"Men Solid Mandarin Collar Cotton Blend Dark Green, Blac...","1,999",85% off
VeBNoR,Pack of 4 Men Solid Round Neck Polyester Multicolor T-S...,999,60% off
MAX,Men Printed Round Neck Polyester Dark Green T-Shirt,999,30% off
ZEN1FASHION,Pique Men Solid Round Neck Cotton Blend Purple T-Shirt,"1,999",85% off
BLIVE,Men Printed Hooded Neck Cotton Blend Dark Green T-Shirt,999,74% off
TRIPR,Men Printed Hooded Neck Cotton Blend Black T-Shirt,199,90% off
TRIPR,Men Printed Round Neck Pure Cotton Purple T-Shirt,280,68% off
THE BEAR HOUSE,"Pack of 4 Men Solid Round Neck Polyester Black, Blue, G...",499,83% off
sti,Men Printed Round Neck Cotton Blend Purple T-Shirt,299,70% off
KAEZRI,Men Solid Mandarin Collar Cotton Blend Black T-Shirt,229,77% off
TRIPR,Men Solid Henley Neck Cotton Blend Black T-Shirt,249,87% off
VeBNoR,Men Printed Round Neck Pure Cotton Orange T-Shirt,384,68% off
MAX,Men Printed Polo Neck Polyester Green T-Shirt,699,77% off
ZEN1FASHION,Men Colorblock Polo Neck Polycotton Maroon T-Shirt,299,70% off
BLIVE,Men Solid Round Neck Cotton Blend Dark Green T-Shirt,239,76% off
TRIPR,Men Solid Polo Neck Polyester Pink T-Shirt,999,73% off
TRIPR,Men Solid Round Neck Pure Cotton Red T-Shirt,799,69% off
THE BEAR HOUSE,Men Solid Round Neck Pure Cotton Purple T-Shirt,"1,399",85% off
sti,Men Printed Round Neck Polyester Multicolor T-Shirt,"1,199",54% off
KAEZRI,Men Solid Round Neck Pure Cotton Maroon T-Shirt,"1,999",88% off
TRIPR,Men Geometric Print Polo Neck Pure Cotton Black T-Shirt,"1,499",74% off
VeBNoR,Pack of 4 Men Solid Round Neck Polyester Multicolor T-S...,888,74% off
MAX,Men Solid Round Neck Polycotton Maroon T-Shirt,999,78% off
ZEN1FASHION,Men Printed Round Neck Pure Cotton Black T-Shirt,"1,299",77% off
BLIVE,Men Solid Round Neck Polyester Green T-Shirt,999,73% off
